category,rep,dem,n,per_rep,per_dem
0_no_relationship,2895,979,3982,0.727021597187343,0.24585635359116023
access,418,236,675,0.6192592592592593,0.3496296296296296
consumption,613,1153,1805,0.339612188365651,0.6387811634349031
