category,rep,dem,n,per_rep,per_dem
0_no_relationship,2895,979,3874,0.7472896231285493,0.2527103768714507
access,418,236,654,0.6391437308868502,0.36085626911314983
consumption,613,1153,1766,0.34711211778029444,0.6528878822197055
