lower_ci,upper_ci,mean_diff,p_value,model
-115.39936516503163,21.467291719093684,-48.620947190981305,0.144,access
-29.20640623052194,118.38610450540736,34.596879627464794,0.31,consumption
