lower_ci,upper_ci,mean_diff,p_value,model
-0.0640686488966369,-0.029937007975207076,-0.0474870802749075,0,access
0.0036397123190824066,0.02448748019826691,0.014082010924736502,0.014,consumption
